"day","replicate","copies_per_well","condition","marker"
2,"Replicate 1",70573.2299804688,"Condition 1","cccDNA"
2,"Replicate 2",66674.5971679688,"Condition 1","cccDNA"
2,"Replicate 3",60658.0993652344,"Condition 1","cccDNA"
4,"Replicate 1",354827.270507812,"Condition 1","cccDNA"
4,"Replicate 2",329200.146484375,"Condition 1","cccDNA"
4,"Replicate 3",252525.146484375,"Condition 1","cccDNA"
6,"Replicate 1",6513857.8125,"Condition 1","cccDNA"
6,"Replicate 2",4983666.796875,"Condition 1","cccDNA"
6,"Replicate 3",4617546.09375,"Condition 1","cccDNA"
9,"Replicate 1",36522378.125,"Condition 1","cccDNA"
9,"Replicate 2",34967931.25,"Condition 1","cccDNA"
9,"Replicate 3",30280865.625,"Condition 1","cccDNA"
12,"Replicate 1",80523187.5,"Condition 1","cccDNA"
12,"Replicate 2",88052343.75,"Condition 1","cccDNA"
12,"Replicate 3",89047718.75,"Condition 1","cccDNA"
18,"Replicate 1",144855675,"Condition 1","cccDNA"
18,"Replicate 2",181279112.5,"Condition 1","cccDNA"
18,"Replicate 3",149084537.5,"Condition 1","cccDNA"
24,"Replicate 1",134254225,"Condition 1","cccDNA"
24,"Replicate 2",188937375,"Condition 1","cccDNA"
24,"Replicate 3",165718100,"Condition 1","cccDNA"
30,"Replicate 1",206093287.5,"Condition 1","cccDNA"
30,"Replicate 2",194791387.5,"Condition 1","cccDNA"
30,"Replicate 3",213229725,"Condition 1","cccDNA"
36,"Replicate 1",99101018.75,"Condition 1","cccDNA"
36,"Replicate 2",145742975,"Condition 1","cccDNA"
36,"Replicate 3",220201275,"Condition 1","cccDNA"
42,"Replicate 1",251401325,"Condition 1","cccDNA"
42,"Replicate 2",256623175,"Condition 1","cccDNA"
42,"Replicate 3",250184225,"Condition 1","cccDNA"
48,"Replicate 1",202214612.5,"Condition 1","cccDNA"
48,"Replicate 2",263470650,"Condition 1","cccDNA"
48,"Replicate 3",364733275,"Condition 1","cccDNA"
54,"Replicate 1",362431950,"Condition 1","cccDNA"
54,"Replicate 2",310607350,"Condition 1","cccDNA"
54,"Replicate 3",350919200,"Condition 1","cccDNA"
60,"Replicate 1",385826175,"Condition 1","cccDNA"
60,"Replicate 2",386869225,"Condition 1","cccDNA"
60,"Replicate 3",426174650,"Condition 1","cccDNA"
2,"Replicate 1",48746.9055175781,"Condition 2","cccDNA"
2,"Replicate 2",56765.1245117188,"Condition 2","cccDNA"
2,"Replicate 3",62145.3857421875,"Condition 2","cccDNA"
4,"Replicate 1",87835.0402832031,"Condition 2","cccDNA"
4,"Replicate 2",139841.882324219,"Condition 2","cccDNA"
4,"Replicate 3",172728.356933594,"Condition 2","cccDNA"
6,"Replicate 1",151723.461914062,"Condition 2","cccDNA"
6,"Replicate 2",151864.526367188,"Condition 2","cccDNA"
6,"Replicate 3",207210.473632812,"Condition 2","cccDNA"
9,"Replicate 1",244651.196289062,"Condition 2","cccDNA"
9,"Replicate 2",200482.763671875,"Condition 2","cccDNA"
9,"Replicate 3",383756.298828125,"Condition 2","cccDNA"
12,"Replicate 1",182287.341308594,"Condition 2","cccDNA"
12,"Replicate 2",157109.118652344,"Condition 2","cccDNA"
12,"Replicate 3",230277.294921875,"Condition 2","cccDNA"
18,"Replicate 1",409398.779296875,"Condition 2","cccDNA"
18,"Replicate 2",232357.8125,"Condition 2","cccDNA"
18,"Replicate 3",366533.569335938,"Condition 2","cccDNA"
24,"Replicate 1",49190.2740478516,"Condition 2","cccDNA"
24,"Replicate 2",61112.5244140625,"Condition 2","cccDNA"
24,"Replicate 3",71631.0607910156,"Condition 2","cccDNA"
30,"Replicate 1",208914.990234375,"Condition 2","cccDNA"
30,"Replicate 2",191292.651367188,"Condition 2","cccDNA"
30,"Replicate 3",190085.375976562,"Condition 2","cccDNA"
36,"Replicate 1",83899.2797851562,"Condition 2","cccDNA"
36,"Replicate 2",98924.4689941406,"Condition 2","cccDNA"
36,"Replicate 3",137773.889160156,"Condition 2","cccDNA"
42,"Replicate 1",94290.3198242188,"Condition 2","cccDNA"
42,"Replicate 2",107260.815429688,"Condition 2","cccDNA"
42,"Replicate 3",138070.825195312,"Condition 2","cccDNA"
48,"Replicate 1",148695.776367188,"Condition 2","cccDNA"
48,"Replicate 2",138268.298339844,"Condition 2","cccDNA"
48,"Replicate 3",132607.385253906,"Condition 2","cccDNA"
54,"Replicate 1",161717.736816406,"Condition 2","cccDNA"
54,"Replicate 2",139705.786132812,"Condition 2","cccDNA"
54,"Replicate 3",180783.59375,"Condition 2","cccDNA"
60,"Replicate 1",144540.649414062,"Condition 2","cccDNA"
60,"Replicate 2",172816.516113281,"Condition 2","cccDNA"
60,"Replicate 3",174749.609375,"Condition 2","cccDNA"
2,"Replicate 1",70573.2299804688,"Condition 3","cccDNA"
2,"Replicate 2",66674.5971679688,"Condition 3","cccDNA"
2,"Replicate 3",60658.0993652344,"Condition 3","cccDNA"
4,"Replicate 1",354827.270507812,"Condition 3","cccDNA"
4,"Replicate 2",329200.146484375,"Condition 3","cccDNA"
4,"Replicate 3",252525.146484375,"Condition 3","cccDNA"
6,"Replicate 1",6513857.8125,"Condition 3","cccDNA"
6,"Replicate 2",4983666.796875,"Condition 3","cccDNA"
6,"Replicate 3",4617546.09375,"Condition 3","cccDNA"
9,"Replicate 1",36522378.125,"Condition 3","cccDNA"
9,"Replicate 2",34967931.25,"Condition 3","cccDNA"
9,"Replicate 3",30280865.625,"Condition 3","cccDNA"
12,"Replicate 1",80523187.5,"Condition 3","cccDNA"
12,"Replicate 2",88052343.75,"Condition 3","cccDNA"
12,"Replicate 3",89047718.75,"Condition 3","cccDNA"
18,"Replicate 1",144855675,"Condition 3","cccDNA"
18,"Replicate 2",181279112.5,"Condition 3","cccDNA"
18,"Replicate 3",149084537.5,"Condition 3","cccDNA"
24,"Replicate 1",134254225,"Condition 3","cccDNA"
24,"Replicate 2",188937375,"Condition 3","cccDNA"
24,"Replicate 3",165718100,"Condition 3","cccDNA"
30,"Replicate 1",168848787.5,"Condition 3","cccDNA"
30,"Replicate 2",166647425,"Condition 3","cccDNA"
30,"Replicate 3",168399237.5,"Condition 3","cccDNA"
32,"Replicate 1",98839325,"Condition 3","cccDNA"
32,"Replicate 2",94669406.25,"Condition 3","cccDNA"
32,"Replicate 3",104655168.75,"Condition 3","cccDNA"
34,"Replicate 1",97461768.75,"Condition 3","cccDNA"
34,"Replicate 2",104111806.25,"Condition 3","cccDNA"
34,"Replicate 3",109696087.5,"Condition 3","cccDNA"
36,"Replicate 1",81250568.75,"Condition 3","cccDNA"
36,"Replicate 2",82727856.25,"Condition 3","cccDNA"
36,"Replicate 3",99798187.5,"Condition 3","cccDNA"
39,"Replicate 1",76350406.25,"Condition 3","cccDNA"
39,"Replicate 2",74702993.75,"Condition 3","cccDNA"
39,"Replicate 3",83101181.25,"Condition 3","cccDNA"
42,"Replicate 1",92714637.5,"Condition 3","cccDNA"
42,"Replicate 2",77115956.25,"Condition 3","cccDNA"
42,"Replicate 3",68628112.5,"Condition 3","cccDNA"
48,"Replicate 1",55034150,"Condition 3","cccDNA"
48,"Replicate 2",61912731.25,"Condition 3","cccDNA"
48,"Replicate 3",51535759.375,"Condition 3","cccDNA"
54,"Replicate 1",33654084.375,"Condition 3","cccDNA"
54,"Replicate 2",38954212.5,"Condition 3","cccDNA"
54,"Replicate 3",35961746.875,"Condition 3","cccDNA"
60,"Replicate 1",26341940.625,"Condition 3","cccDNA"
60,"Replicate 2",23829601.5625,"Condition 3","cccDNA"
60,"Replicate 3",20654700,"Condition 3","cccDNA"
2,"Replicate 1",70573.2299804688,"Condition 4","cccDNA"
2,"Replicate 2",66674.5971679688,"Condition 4","cccDNA"
2,"Replicate 3",60658.0993652344,"Condition 4","cccDNA"
4,"Replicate 1",354827.270507812,"Condition 4","cccDNA"
4,"Replicate 2",329200.146484375,"Condition 4","cccDNA"
4,"Replicate 3",252525.146484375,"Condition 4","cccDNA"
6,"Replicate 1",6513857.8125,"Condition 4","cccDNA"
6,"Replicate 2",4983666.796875,"Condition 4","cccDNA"
6,"Replicate 3",4617546.09375,"Condition 4","cccDNA"
9,"Replicate 1",36522378.125,"Condition 4","cccDNA"
9,"Replicate 2",34967931.25,"Condition 4","cccDNA"
9,"Replicate 3",30280865.625,"Condition 4","cccDNA"
12,"Replicate 1",80523187.5,"Condition 4","cccDNA"
12,"Replicate 2",88052343.75,"Condition 4","cccDNA"
12,"Replicate 3",89047718.75,"Condition 4","cccDNA"
18,"Replicate 1",144855675,"Condition 4","cccDNA"
18,"Replicate 2",181279112.5,"Condition 4","cccDNA"
18,"Replicate 3",149084537.5,"Condition 4","cccDNA"
24,"Replicate 1",134254225,"Condition 4","cccDNA"
24,"Replicate 2",188937375,"Condition 4","cccDNA"
24,"Replicate 3",165718100,"Condition 4","cccDNA"
30,"Replicate 1",168848787.5,"Condition 4","cccDNA"
30,"Replicate 2",166647425,"Condition 4","cccDNA"
30,"Replicate 3",168399237.5,"Condition 4","cccDNA"
32,"Replicate 1",98492400,"Condition 4","cccDNA"
32,"Replicate 2",106579637.5,"Condition 4","cccDNA"
32,"Replicate 3",134558987.5,"Condition 4","cccDNA"
34,"Replicate 1",120272025,"Condition 4","cccDNA"
34,"Replicate 2",122768687.5,"Condition 4","cccDNA"
34,"Replicate 3",131078337.5,"Condition 4","cccDNA"
36,"Replicate 1",108234062.5,"Condition 4","cccDNA"
36,"Replicate 2",104565981.25,"Condition 4","cccDNA"
36,"Replicate 3",98510131.25,"Condition 4","cccDNA"
39,"Replicate 1",90975875,"Condition 4","cccDNA"
39,"Replicate 2",94621406.25,"Condition 4","cccDNA"
39,"Replicate 3",95107143.75,"Condition 4","cccDNA"
42,"Replicate 1",123494862.5,"Condition 4","cccDNA"
42,"Replicate 2",96185031.25,"Condition 4","cccDNA"
42,"Replicate 3",131391975,"Condition 4","cccDNA"
48,"Replicate 1",56365468.75,"Condition 4","cccDNA"
48,"Replicate 2",62156731.25,"Condition 4","cccDNA"
48,"Replicate 3",86036387.5,"Condition 4","cccDNA"
54,"Replicate 1",48869959.375,"Condition 4","cccDNA"
54,"Replicate 2",47380906.25,"Condition 4","cccDNA"
54,"Replicate 3",54073950,"Condition 4","cccDNA"
60,"Replicate 1",62711281.25,"Condition 4","cccDNA"
60,"Replicate 2",46393031.25,"Condition 4","cccDNA"
60,"Replicate 3",63401187.5,"Condition 4","cccDNA"
2,"Replicate 1",48746.9055175781,"Condition 5","cccDNA"
2,"Replicate 2",56765.1245117188,"Condition 5","cccDNA"
2,"Replicate 3",62145.3857421875,"Condition 5","cccDNA"
4,"Replicate 1",87835.0402832031,"Condition 5","cccDNA"
4,"Replicate 2",139841.882324219,"Condition 5","cccDNA"
4,"Replicate 3",172728.356933594,"Condition 5","cccDNA"
6,"Replicate 1",151723.461914062,"Condition 5","cccDNA"
6,"Replicate 2",151864.526367188,"Condition 5","cccDNA"
6,"Replicate 3",207210.473632812,"Condition 5","cccDNA"
9,"Replicate 1",244651.196289062,"Condition 5","cccDNA"
9,"Replicate 2",200482.763671875,"Condition 5","cccDNA"
9,"Replicate 3",383756.298828125,"Condition 5","cccDNA"
12,"Replicate 1",182287.341308594,"Condition 5","cccDNA"
12,"Replicate 2",157109.118652344,"Condition 5","cccDNA"
12,"Replicate 3",230277.294921875,"Condition 5","cccDNA"
18,"Replicate 1",409398.779296875,"Condition 5","cccDNA"
18,"Replicate 2",232357.8125,"Condition 5","cccDNA"
18,"Replicate 3",366533.569335938,"Condition 5","cccDNA"
24,"Replicate 1",49190.2740478516,"Condition 5","cccDNA"
24,"Replicate 2",61112.5244140625,"Condition 5","cccDNA"
24,"Replicate 3",71631.0607910156,"Condition 5","cccDNA"
30,"Replicate 1",257193.896484375,"Condition 5","cccDNA"
30,"Replicate 2",291079.150390625,"Condition 5","cccDNA"
30,"Replicate 3",248175.537109375,"Condition 5","cccDNA"
32,"Replicate 1",246498.168945312,"Condition 5","cccDNA"
32,"Replicate 2",252298.071289062,"Condition 5","cccDNA"
32,"Replicate 3",259391.333007812,"Condition 5","cccDNA"
34,"Replicate 1",290912.890625,"Condition 5","cccDNA"
34,"Replicate 2",334390.673828125,"Condition 5","cccDNA"
34,"Replicate 3",243879.467773438,"Condition 5","cccDNA"
36,"Replicate 1",208708.69140625,"Condition 5","cccDNA"
36,"Replicate 2",196733.068847656,"Condition 5","cccDNA"
36,"Replicate 3",191963.037109375,"Condition 5","cccDNA"
39,"Replicate 1",466017.08984375,"Condition 5","cccDNA"
39,"Replicate 2",196693.103027344,"Condition 5","cccDNA"
39,"Replicate 3",338104.8828125,"Condition 5","cccDNA"
42,"Replicate 1",409087.98828125,"Condition 5","cccDNA"
42,"Replicate 2",610225.09765625,"Condition 5","cccDNA"
42,"Replicate 3",580877.9296875,"Condition 5","cccDNA"
48,"Replicate 1",356710.986328125,"Condition 5","cccDNA"
48,"Replicate 2",210040.014648438,"Condition 5","cccDNA"
48,"Replicate 3",654079.1015625,"Condition 5","cccDNA"
54,"Replicate 1",551800.634765625,"Condition 5","cccDNA"
54,"Replicate 2",558585.64453125,"Condition 5","cccDNA"
54,"Replicate 3",869734.1796875,"Condition 5","cccDNA"
60,"Replicate 1",369473.754882812,"Condition 5","cccDNA"
60,"Replicate 2",569850.537109375,"Condition 5","cccDNA"
60,"Replicate 3",359279.98046875,"Condition 5","cccDNA"
2,"Replicate 1",35286.6149902344,"Condition 6","cccDNA"
2,"Replicate 2",33337.2985839844,"Condition 6","cccDNA"
2,"Replicate 3",30329.0496826172,"Condition 6","cccDNA"
4,"Replicate 1",177413.635253906,"Condition 6","cccDNA"
4,"Replicate 2",164600.073242188,"Condition 6","cccDNA"
4,"Replicate 3",126262.573242188,"Condition 6","cccDNA"
6,"Replicate 1",3256928.90625,"Condition 6","cccDNA"
6,"Replicate 2",2491833.3984375,"Condition 6","cccDNA"
6,"Replicate 3",2308773.046875,"Condition 6","cccDNA"
9,"Replicate 1",18261189.0625,"Condition 6","cccDNA"
9,"Replicate 2",17483965.625,"Condition 6","cccDNA"
9,"Replicate 3",15140432.8125,"Condition 6","cccDNA"
12,"Replicate 1",40261593.75,"Condition 6","cccDNA"
12,"Replicate 2",44026171.875,"Condition 6","cccDNA"
12,"Replicate 3",44523859.375,"Condition 6","cccDNA"
18,"Replicate 1",72427837.5,"Condition 6","cccDNA"
18,"Replicate 2",90639556.25,"Condition 6","cccDNA"
18,"Replicate 3",74542268.75,"Condition 6","cccDNA"
24,"Replicate 1",67127112.5,"Condition 6","cccDNA"
24,"Replicate 2",94468687.5,"Condition 6","cccDNA"
24,"Replicate 3",82859050,"Condition 6","cccDNA"
30,"Replicate 1",1.45e+08,"Condition 6","cccDNA"
30,"Replicate 2",182500000,"Condition 6","cccDNA"
30,"Replicate 3",163250000,"Condition 6","cccDNA"
32,"Replicate 1",98839325,"Condition 6","cccDNA"
32,"Replicate 2",94669406.25,"Condition 6","cccDNA"
32,"Replicate 3",104655168.75,"Condition 6","cccDNA"
34,"Replicate 1",97461768.75,"Condition 6","cccDNA"
34,"Replicate 2",104111806.25,"Condition 6","cccDNA"
34,"Replicate 3",109696087.5,"Condition 6","cccDNA"
36,"Replicate 1",81250568.75,"Condition 6","cccDNA"
36,"Replicate 2",82727856.25,"Condition 6","cccDNA"
36,"Replicate 3",99798187.5,"Condition 6","cccDNA"
39,"Replicate 1",76350406.25,"Condition 6","cccDNA"
39,"Replicate 2",74702993.75,"Condition 6","cccDNA"
39,"Replicate 3",83101181.25,"Condition 6","cccDNA"
42,"Replicate 1",83500000,"Condition 6","cccDNA"
42,"Replicate 2",82500000,"Condition 6","cccDNA"
42,"Replicate 3",74500000,"Condition 6","cccDNA"
45,"Replicate 1",23850000,"Condition 6","cccDNA"
45,"Replicate 2",43250000,"Condition 6","cccDNA"
45,"Replicate 3",66500000,"Condition 6","cccDNA"
47,"Replicate 1",3.7e+07,"Condition 6","cccDNA"
47,"Replicate 2",37500000,"Condition 6","cccDNA"
47,"Replicate 3",33500000,"Condition 6","cccDNA"
49,"Replicate 1",3e+07,"Condition 6","cccDNA"
49,"Replicate 2",28750000,"Condition 6","cccDNA"
49,"Replicate 3",30250000,"Condition 6","cccDNA"
51,"Replicate 1",49250000,"Condition 6","cccDNA"
51,"Replicate 2",55500000,"Condition 6","cccDNA"
51,"Replicate 3",63250000,"Condition 6","cccDNA"
54,"Replicate 1",38750000,"Condition 6","cccDNA"
54,"Replicate 2",34750000,"Condition 6","cccDNA"
54,"Replicate 3",29500000,"Condition 6","cccDNA"
57,"Replicate 1",39500000,"Condition 6","cccDNA"
57,"Replicate 2",3.8e+07,"Condition 6","cccDNA"
57,"Replicate 3",3.7e+07,"Condition 6","cccDNA"
60,"Replicate 1",30250000,"Condition 6","cccDNA"
60,"Replicate 2",33250000,"Condition 6","cccDNA"
60,"Replicate 3",25750000,"Condition 6","cccDNA"
2,"Replicate 1",70573.2299804688,"Condition 7","cccDNA"
2,"Replicate 2",66674.5971679688,"Condition 7","cccDNA"
2,"Replicate 3",60658.0993652344,"Condition 7","cccDNA"
4,"Replicate 1",354827.270507812,"Condition 7","cccDNA"
4,"Replicate 2",329200.146484375,"Condition 7","cccDNA"
4,"Replicate 3",252525.146484375,"Condition 7","cccDNA"
6,"Replicate 1",6513857.8125,"Condition 7","cccDNA"
6,"Replicate 2",4983666.796875,"Condition 7","cccDNA"
6,"Replicate 3",4617546.09375,"Condition 7","cccDNA"
9,"Replicate 1",36522378.125,"Condition 7","cccDNA"
9,"Replicate 2",34967931.25,"Condition 7","cccDNA"
9,"Replicate 3",30280865.625,"Condition 7","cccDNA"
12,"Replicate 1",80523187.5,"Condition 7","cccDNA"
12,"Replicate 2",88052343.75,"Condition 7","cccDNA"
12,"Replicate 3",89047718.75,"Condition 7","cccDNA"
18,"Replicate 1",144855675,"Condition 7","cccDNA"
18,"Replicate 2",181279112.5,"Condition 7","cccDNA"
18,"Replicate 3",149084537.5,"Condition 7","cccDNA"
24,"Replicate 1",134254225,"Condition 7","cccDNA"
24,"Replicate 2",188937375,"Condition 7","cccDNA"
24,"Replicate 3",165718100,"Condition 7","cccDNA"
30,"Replicate 1",147250000,"Condition 7","cccDNA"
30,"Replicate 2",145750000,"Condition 7","cccDNA"
30,"Replicate 3",1.5e+08,"Condition 7","cccDNA"
32,"Replicate 1",1.06e+08,"Condition 7","cccDNA"
32,"Replicate 2",115250000,"Condition 7","cccDNA"
32,"Replicate 3",9.5e+07,"Condition 7","cccDNA"
34,"Replicate 1",79500000,"Condition 7","cccDNA"
34,"Replicate 2",84500000,"Condition 7","cccDNA"
34,"Replicate 3",78500000,"Condition 7","cccDNA"
36,"Replicate 1",75500000,"Condition 7","cccDNA"
36,"Replicate 2",8.5e+07,"Condition 7","cccDNA"
36,"Replicate 3",96750000,"Condition 7","cccDNA"
39,"Replicate 1",85500000,"Condition 7","cccDNA"
39,"Replicate 2",82250000,"Condition 7","cccDNA"
39,"Replicate 3",78250000,"Condition 7","cccDNA"
42,"Replicate 1",66750000,"Condition 7","cccDNA"
42,"Replicate 2",72750000,"Condition 7","cccDNA"
42,"Replicate 3",7.3e+07,"Condition 7","cccDNA"
48,"Replicate 1",5.3e+07,"Condition 7","cccDNA"
48,"Replicate 2",61500000,"Condition 7","cccDNA"
48,"Replicate 3",5.4e+07,"Condition 7","cccDNA"
54,"Replicate 1",34500000,"Condition 7","cccDNA"
54,"Replicate 2",42750000,"Condition 7","cccDNA"
54,"Replicate 3",41500000,"Condition 7","cccDNA"
60,"Replicate 1",35500000,"Condition 7","cccDNA"
60,"Replicate 2",3.7e+07,"Condition 7","cccDNA"
60,"Replicate 3",29250000,"Condition 7","cccDNA"
2,"Replicate 1",70573.2299804688,"Condition 8","cccDNA"
2,"Replicate 2",66674.5971679688,"Condition 8","cccDNA"
2,"Replicate 3",60658.0993652344,"Condition 8","cccDNA"
4,"Replicate 1",354827.270507812,"Condition 8","cccDNA"
4,"Replicate 2",329200.146484375,"Condition 8","cccDNA"
4,"Replicate 3",252525.146484375,"Condition 8","cccDNA"
6,"Replicate 1",6513857.8125,"Condition 8","cccDNA"
6,"Replicate 2",4983666.796875,"Condition 8","cccDNA"
6,"Replicate 3",4617546.09375,"Condition 8","cccDNA"
9,"Replicate 1",36522378.125,"Condition 8","cccDNA"
9,"Replicate 2",34967931.25,"Condition 8","cccDNA"
9,"Replicate 3",30280865.625,"Condition 8","cccDNA"
12,"Replicate 1",80523187.5,"Condition 8","cccDNA"
12,"Replicate 2",88052343.75,"Condition 8","cccDNA"
12,"Replicate 3",89047718.75,"Condition 8","cccDNA"
18,"Replicate 1",144855675,"Condition 8","cccDNA"
18,"Replicate 2",181279112.5,"Condition 8","cccDNA"
18,"Replicate 3",149084537.5,"Condition 8","cccDNA"
24,"Replicate 1",134254225,"Condition 8","cccDNA"
24,"Replicate 2",188937375,"Condition 8","cccDNA"
24,"Replicate 3",165718100,"Condition 8","cccDNA"
30,"Replicate 1",1.45e+08,"Condition 8","cccDNA"
30,"Replicate 2",182500000,"Condition 8","cccDNA"
30,"Replicate 3",163250000,"Condition 8","cccDNA"
32,"Replicate 1",98492400,"Condition 8","cccDNA"
32,"Replicate 2",106579637.5,"Condition 8","cccDNA"
32,"Replicate 3",134558987.5,"Condition 8","cccDNA"
34,"Replicate 1",120272025,"Condition 8","cccDNA"
34,"Replicate 2",122768687.5,"Condition 8","cccDNA"
34,"Replicate 3",131078337.5,"Condition 8","cccDNA"
36,"Replicate 1",108234062.5,"Condition 8","cccDNA"
36,"Replicate 2",104565981.25,"Condition 8","cccDNA"
36,"Replicate 3",98510131.25,"Condition 8","cccDNA"
39,"Replicate 1",90975875,"Condition 8","cccDNA"
39,"Replicate 2",94621406.25,"Condition 8","cccDNA"
39,"Replicate 3",95107143.75,"Condition 8","cccDNA"
42,"Replicate 1",140750000,"Condition 8","cccDNA"
42,"Replicate 2",98250000,"Condition 8","cccDNA"
42,"Replicate 3",106250000,"Condition 8","cccDNA"
45,"Replicate 1",80500000,"Condition 8","cccDNA"
45,"Replicate 2",86250000,"Condition 8","cccDNA"
45,"Replicate 3",7.7e+07,"Condition 8","cccDNA"
47,"Replicate 1",66250000,"Condition 8","cccDNA"
47,"Replicate 2",50750000,"Condition 8","cccDNA"
47,"Replicate 3",60750000,"Condition 8","cccDNA"
49,"Replicate 1",4.2e+07,"Condition 8","cccDNA"
49,"Replicate 2",41750000,"Condition 8","cccDNA"
49,"Replicate 3",5.2e+07,"Condition 8","cccDNA"
51,"Replicate 1",28500000,"Condition 8","cccDNA"
51,"Replicate 2",43250000,"Condition 8","cccDNA"
51,"Replicate 3",46250000,"Condition 8","cccDNA"
54,"Replicate 1",5.2e+07,"Condition 8","cccDNA"
54,"Replicate 2",4.9e+07,"Condition 8","cccDNA"
54,"Replicate 3",54500000,"Condition 8","cccDNA"
57,"Replicate 1",4.2e+07,"Condition 8","cccDNA"
57,"Replicate 2",4.1e+07,"Condition 8","cccDNA"
57,"Replicate 3",57750000,"Condition 8","cccDNA"
60,"Replicate 1",33500000,"Condition 8","cccDNA"
60,"Replicate 2",35250000,"Condition 8","cccDNA"
60,"Replicate 3",43750000,"Condition 8","cccDNA"
2,"Replicate 1",312500,"Condition 1","Intracellular HBV DNA"
2,"Replicate 2",425000,"Condition 1","Intracellular HBV DNA"
2,"Replicate 3",255000,"Condition 1","Intracellular HBV DNA"
4,"Replicate 1",29500000,"Condition 1","Intracellular HBV DNA"
4,"Replicate 2",2.8e+07,"Condition 1","Intracellular HBV DNA"
4,"Replicate 3",23075000,"Condition 1","Intracellular HBV DNA"
6,"Replicate 1",342500000,"Condition 1","Intracellular HBV DNA"
6,"Replicate 2",4.15e+08,"Condition 1","Intracellular HBV DNA"
6,"Replicate 3",5.8e+08,"Condition 1","Intracellular HBV DNA"
9,"Replicate 1",1622500000,"Condition 1","Intracellular HBV DNA"
9,"Replicate 2",2.65e+09,"Condition 1","Intracellular HBV DNA"
9,"Replicate 3",1.57e+09,"Condition 1","Intracellular HBV DNA"
12,"Replicate 1",2477500000,"Condition 1","Intracellular HBV DNA"
12,"Replicate 2",3.95e+09,"Condition 1","Intracellular HBV DNA"
12,"Replicate 3",5.425e+09,"Condition 1","Intracellular HBV DNA"
18,"Replicate 1",3.9e+09,"Condition 1","Intracellular HBV DNA"
18,"Replicate 2",4.15e+09,"Condition 1","Intracellular HBV DNA"
18,"Replicate 3",4.075e+09,"Condition 1","Intracellular HBV DNA"
24,"Replicate 1",2.6e+09,"Condition 1","Intracellular HBV DNA"
24,"Replicate 2",3.075e+09,"Condition 1","Intracellular HBV DNA"
24,"Replicate 3",3.475e+09,"Condition 1","Intracellular HBV DNA"
30,"Replicate 1",4.025e+09,"Condition 1","Intracellular HBV DNA"
30,"Replicate 2",3.675e+09,"Condition 1","Intracellular HBV DNA"
30,"Replicate 3",3.925e+09,"Condition 1","Intracellular HBV DNA"
36,"Replicate 1",5.225e+09,"Condition 1","Intracellular HBV DNA"
36,"Replicate 2",3.95e+09,"Condition 1","Intracellular HBV DNA"
36,"Replicate 3",4.725e+09,"Condition 1","Intracellular HBV DNA"
42,"Replicate 1",7.15e+09,"Condition 1","Intracellular HBV DNA"
42,"Replicate 2",5.65e+09,"Condition 1","Intracellular HBV DNA"
42,"Replicate 3",5.225e+09,"Condition 1","Intracellular HBV DNA"
48,"Replicate 1",5.45e+09,"Condition 1","Intracellular HBV DNA"
48,"Replicate 2",7.6e+09,"Condition 1","Intracellular HBV DNA"
48,"Replicate 3",1.3875e+10,"Condition 1","Intracellular HBV DNA"
54,"Replicate 1",9.775e+09,"Condition 1","Intracellular HBV DNA"
54,"Replicate 2",8.625e+09,"Condition 1","Intracellular HBV DNA"
54,"Replicate 3",1.08e+10,"Condition 1","Intracellular HBV DNA"
60,"Replicate 1",5.875e+09,"Condition 1","Intracellular HBV DNA"
60,"Replicate 2",7.575e+09,"Condition 1","Intracellular HBV DNA"
60,"Replicate 3",6.35e+09,"Condition 1","Intracellular HBV DNA"
2,"Replicate 1",243872.509002686,"Condition 2","Intracellular HBV DNA"
2,"Replicate 2",170229.167938232,"Condition 2","Intracellular HBV DNA"
2,"Replicate 3",310491.790771484,"Condition 2","Intracellular HBV DNA"
4,"Replicate 1",289853.229522705,"Condition 2","Intracellular HBV DNA"
4,"Replicate 2",234932.842254639,"Condition 2","Intracellular HBV DNA"
4,"Replicate 3",329347.229003906,"Condition 2","Intracellular HBV DNA"
6,"Replicate 1",3065050.65917969,"Condition 2","Intracellular HBV DNA"
6,"Replicate 2",3072025.14648438,"Condition 2","Intracellular HBV DNA"
6,"Replicate 3",3436968.07861328,"Condition 2","Intracellular HBV DNA"
9,"Replicate 1",7261039.42871094,"Condition 2","Intracellular HBV DNA"
9,"Replicate 2",11080401.6113281,"Condition 2","Intracellular HBV DNA"
9,"Replicate 3",7442551.26953125,"Condition 2","Intracellular HBV DNA"
12,"Replicate 1",5181051.63574219,"Condition 2","Intracellular HBV DNA"
12,"Replicate 2",5489677.734375,"Condition 2","Intracellular HBV DNA"
12,"Replicate 3",5072383.72802734,"Condition 2","Intracellular HBV DNA"
18,"Replicate 1",7463432.00683594,"Condition 2","Intracellular HBV DNA"
18,"Replicate 2",7240387.57324219,"Condition 2","Intracellular HBV DNA"
18,"Replicate 3",13514108.8867188,"Condition 2","Intracellular HBV DNA"
24,"Replicate 1",2258267.05932617,"Condition 2","Intracellular HBV DNA"
24,"Replicate 2",3746354.37011719,"Condition 2","Intracellular HBV DNA"
24,"Replicate 3",3498365.78369141,"Condition 2","Intracellular HBV DNA"
30,"Replicate 1",4256097.41210938,"Condition 2","Intracellular HBV DNA"
30,"Replicate 2",3728512.57324219,"Condition 2","Intracellular HBV DNA"
30,"Replicate 3",4275898.74267578,"Condition 2","Intracellular HBV DNA"
36,"Replicate 1",3855273.13232422,"Condition 2","Intracellular HBV DNA"
36,"Replicate 2",4023594.97070312,"Condition 2","Intracellular HBV DNA"
36,"Replicate 3",8900820.3125,"Condition 2","Intracellular HBV DNA"
42,"Replicate 1",5645979.61425781,"Condition 2","Intracellular HBV DNA"
42,"Replicate 2",5219028.93066406,"Condition 2","Intracellular HBV DNA"
42,"Replicate 3",5447951.66015625,"Condition 2","Intracellular HBV DNA"
48,"Replicate 1",2851750.18310547,"Condition 2","Intracellular HBV DNA"
48,"Replicate 2",2778338.31787109,"Condition 2","Intracellular HBV DNA"
48,"Replicate 3",2688721.61865234,"Condition 2","Intracellular HBV DNA"
54,"Replicate 1",3786306.15234375,"Condition 2","Intracellular HBV DNA"
54,"Replicate 2",2827464.59960938,"Condition 2","Intracellular HBV DNA"
54,"Replicate 3",3960762.63427734,"Condition 2","Intracellular HBV DNA"
60,"Replicate 1",4375626.83105469,"Condition 2","Intracellular HBV DNA"
60,"Replicate 2",4663933.10546875,"Condition 2","Intracellular HBV DNA"
60,"Replicate 3",5762588.50097656,"Condition 2","Intracellular HBV DNA"
2,"Replicate 1",312500,"Condition 3","Intracellular HBV DNA"
2,"Replicate 2",425000,"Condition 3","Intracellular HBV DNA"
2,"Replicate 3",255000,"Condition 3","Intracellular HBV DNA"
4,"Replicate 1",29500000,"Condition 3","Intracellular HBV DNA"
4,"Replicate 2",2.8e+07,"Condition 3","Intracellular HBV DNA"
4,"Replicate 3",23075000,"Condition 3","Intracellular HBV DNA"
6,"Replicate 1",342500000,"Condition 3","Intracellular HBV DNA"
6,"Replicate 2",4.15e+08,"Condition 3","Intracellular HBV DNA"
6,"Replicate 3",5.8e+08,"Condition 3","Intracellular HBV DNA"
9,"Replicate 1",1622500000,"Condition 3","Intracellular HBV DNA"
9,"Replicate 2",2.65e+09,"Condition 3","Intracellular HBV DNA"
9,"Replicate 3",1.57e+09,"Condition 3","Intracellular HBV DNA"
12,"Replicate 1",2477500000,"Condition 3","Intracellular HBV DNA"
12,"Replicate 2",3.95e+09,"Condition 3","Intracellular HBV DNA"
12,"Replicate 3",5.425e+09,"Condition 3","Intracellular HBV DNA"
18,"Replicate 1",3.9e+09,"Condition 3","Intracellular HBV DNA"
18,"Replicate 2",4.15e+09,"Condition 3","Intracellular HBV DNA"
18,"Replicate 3",4.075e+09,"Condition 3","Intracellular HBV DNA"
24,"Replicate 1",2.6e+09,"Condition 3","Intracellular HBV DNA"
24,"Replicate 2",3.075e+09,"Condition 3","Intracellular HBV DNA"
24,"Replicate 3",3.475e+09,"Condition 3","Intracellular HBV DNA"
30,"Replicate 1",3938673750,"Condition 3","Intracellular HBV DNA"
30,"Replicate 2",4052036562.5,"Condition 3","Intracellular HBV DNA"
30,"Replicate 3",4501633750,"Condition 3","Intracellular HBV DNA"
32,"Replicate 1",2122497500,"Condition 3","Intracellular HBV DNA"
32,"Replicate 2",2020968437.5,"Condition 3","Intracellular HBV DNA"
32,"Replicate 3",2210734218.75,"Condition 3","Intracellular HBV DNA"
34,"Replicate 1",2323780625,"Condition 3","Intracellular HBV DNA"
34,"Replicate 2",2706677812.5,"Condition 3","Intracellular HBV DNA"
34,"Replicate 3",2675813437.5,"Condition 3","Intracellular HBV DNA"
36,"Replicate 1",1288800390.625,"Condition 3","Intracellular HBV DNA"
36,"Replicate 2",1416612031.25,"Condition 3","Intracellular HBV DNA"
36,"Replicate 3",1791568281.25,"Condition 3","Intracellular HBV DNA"
39,"Replicate 1",1329804687.5,"Condition 3","Intracellular HBV DNA"
39,"Replicate 2",1372773593.75,"Condition 3","Intracellular HBV DNA"
39,"Replicate 3",1280883203.125,"Condition 3","Intracellular HBV DNA"
42,"Replicate 1",1254049140.625,"Condition 3","Intracellular HBV DNA"
42,"Replicate 2",1269268359.375,"Condition 3","Intracellular HBV DNA"
42,"Replicate 3",1927888281.25,"Condition 3","Intracellular HBV DNA"
48,"Replicate 1",1254788203.125,"Condition 3","Intracellular HBV DNA"
48,"Replicate 2",1550036093.75,"Condition 3","Intracellular HBV DNA"
48,"Replicate 3",2231026093.75,"Condition 3","Intracellular HBV DNA"
54,"Replicate 1",779452500,"Condition 3","Intracellular HBV DNA"
54,"Replicate 2",1122336484.375,"Condition 3","Intracellular HBV DNA"
54,"Replicate 3",903363906.25,"Condition 3","Intracellular HBV DNA"
60,"Replicate 1",918213593.75,"Condition 3","Intracellular HBV DNA"
60,"Replicate 2",577919414.0625,"Condition 3","Intracellular HBV DNA"
60,"Replicate 3",970899531.25,"Condition 3","Intracellular HBV DNA"
2,"Replicate 1",312500,"Condition 4","Intracellular HBV DNA"
2,"Replicate 2",425000,"Condition 4","Intracellular HBV DNA"
2,"Replicate 3",255000,"Condition 4","Intracellular HBV DNA"
4,"Replicate 1",29500000,"Condition 4","Intracellular HBV DNA"
4,"Replicate 2",2.8e+07,"Condition 4","Intracellular HBV DNA"
4,"Replicate 3",23075000,"Condition 4","Intracellular HBV DNA"
6,"Replicate 1",342500000,"Condition 4","Intracellular HBV DNA"
6,"Replicate 2",4.15e+08,"Condition 4","Intracellular HBV DNA"
6,"Replicate 3",5.8e+08,"Condition 4","Intracellular HBV DNA"
9,"Replicate 1",1622500000,"Condition 4","Intracellular HBV DNA"
9,"Replicate 2",2.65e+09,"Condition 4","Intracellular HBV DNA"
9,"Replicate 3",1.57e+09,"Condition 4","Intracellular HBV DNA"
12,"Replicate 1",2477500000,"Condition 4","Intracellular HBV DNA"
12,"Replicate 2",3.95e+09,"Condition 4","Intracellular HBV DNA"
12,"Replicate 3",5.425e+09,"Condition 4","Intracellular HBV DNA"
18,"Replicate 1",3.9e+09,"Condition 4","Intracellular HBV DNA"
18,"Replicate 2",4.15e+09,"Condition 4","Intracellular HBV DNA"
18,"Replicate 3",4.075e+09,"Condition 4","Intracellular HBV DNA"
24,"Replicate 1",2.6e+09,"Condition 4","Intracellular HBV DNA"
24,"Replicate 2",3.075e+09,"Condition 4","Intracellular HBV DNA"
24,"Replicate 3",3.475e+09,"Condition 4","Intracellular HBV DNA"
30,"Replicate 1",3938673750,"Condition 4","Intracellular HBV DNA"
30,"Replicate 2",4052036562.5,"Condition 4","Intracellular HBV DNA"
30,"Replicate 3",4501633750,"Condition 4","Intracellular HBV DNA"
32,"Replicate 1",2397558750,"Condition 4","Intracellular HBV DNA"
32,"Replicate 2",2631224375,"Condition 4","Intracellular HBV DNA"
32,"Replicate 3",3187522500,"Condition 4","Intracellular HBV DNA"
34,"Replicate 1",2689362812.5,"Condition 4","Intracellular HBV DNA"
34,"Replicate 2",2913411562.5,"Condition 4","Intracellular HBV DNA"
34,"Replicate 3",2859151875,"Condition 4","Intracellular HBV DNA"
36,"Replicate 1",2254019218.75,"Condition 4","Intracellular HBV DNA"
36,"Replicate 2",1845744218.75,"Condition 4","Intracellular HBV DNA"
36,"Replicate 3",2131145781.25,"Condition 4","Intracellular HBV DNA"
39,"Replicate 1",1617027968.75,"Condition 4","Intracellular HBV DNA"
39,"Replicate 2",1694920625,"Condition 4","Intracellular HBV DNA"
39,"Replicate 3",2064515156.25,"Condition 4","Intracellular HBV DNA"
42,"Replicate 1",3083760000,"Condition 4","Intracellular HBV DNA"
42,"Replicate 2",1823802656.25,"Condition 4","Intracellular HBV DNA"
42,"Replicate 3",1730082187.5,"Condition 4","Intracellular HBV DNA"
48,"Replicate 1",4186983125,"Condition 4","Intracellular HBV DNA"
48,"Replicate 2",2533210156.25,"Condition 4","Intracellular HBV DNA"
48,"Replicate 3",2389236718.75,"Condition 4","Intracellular HBV DNA"
54,"Replicate 1",1065759140.625,"Condition 4","Intracellular HBV DNA"
54,"Replicate 2",1468265156.25,"Condition 4","Intracellular HBV DNA"
54,"Replicate 3",1907331875,"Condition 4","Intracellular HBV DNA"
60,"Replicate 1",1596870312.5,"Condition 4","Intracellular HBV DNA"
60,"Replicate 2",2025472656.25,"Condition 4","Intracellular HBV DNA"
60,"Replicate 3",1174265078.125,"Condition 4","Intracellular HBV DNA"
2,"Replicate 1",243872.509002686,"Condition 5","Intracellular HBV DNA"
2,"Replicate 2",170229.167938232,"Condition 5","Intracellular HBV DNA"
2,"Replicate 3",310491.790771484,"Condition 5","Intracellular HBV DNA"
4,"Replicate 1",289853.229522705,"Condition 5","Intracellular HBV DNA"
4,"Replicate 2",234932.842254639,"Condition 5","Intracellular HBV DNA"
4,"Replicate 3",329347.229003906,"Condition 5","Intracellular HBV DNA"
6,"Replicate 1",3065050.65917969,"Condition 5","Intracellular HBV DNA"
6,"Replicate 2",3072025.14648438,"Condition 5","Intracellular HBV DNA"
6,"Replicate 3",3436968.07861328,"Condition 5","Intracellular HBV DNA"
9,"Replicate 1",7261039.42871094,"Condition 5","Intracellular HBV DNA"
9,"Replicate 2",11080401.6113281,"Condition 5","Intracellular HBV DNA"
9,"Replicate 3",7442551.26953125,"Condition 5","Intracellular HBV DNA"
12,"Replicate 1",5181051.63574219,"Condition 5","Intracellular HBV DNA"
12,"Replicate 2",5489677.734375,"Condition 5","Intracellular HBV DNA"
12,"Replicate 3",5072383.72802734,"Condition 5","Intracellular HBV DNA"
18,"Replicate 1",7463432.00683594,"Condition 5","Intracellular HBV DNA"
18,"Replicate 2",7240387.57324219,"Condition 5","Intracellular HBV DNA"
18,"Replicate 3",13514108.8867188,"Condition 5","Intracellular HBV DNA"
24,"Replicate 1",2258267.05932617,"Condition 5","Intracellular HBV DNA"
24,"Replicate 2",3746354.37011719,"Condition 5","Intracellular HBV DNA"
24,"Replicate 3",3498365.78369141,"Condition 5","Intracellular HBV DNA"
30,"Replicate 1",3762008.97216797,"Condition 5","Intracellular HBV DNA"
30,"Replicate 2",3348784.1796875,"Condition 5","Intracellular HBV DNA"
30,"Replicate 3",3402077.33154297,"Condition 5","Intracellular HBV DNA"
32,"Replicate 1",2883177.79541016,"Condition 5","Intracellular HBV DNA"
32,"Replicate 2",3304918.21289062,"Condition 5","Intracellular HBV DNA"
32,"Replicate 3",3135641.47949219,"Condition 5","Intracellular HBV DNA"
34,"Replicate 1",3799723.51074219,"Condition 5","Intracellular HBV DNA"
34,"Replicate 2",4561659.54589844,"Condition 5","Intracellular HBV DNA"
34,"Replicate 3",4517576.29394531,"Condition 5","Intracellular HBV DNA"
36,"Replicate 1",2961780.09033203,"Condition 5","Intracellular HBV DNA"
36,"Replicate 2",3480189.20898438,"Condition 5","Intracellular HBV DNA"
36,"Replicate 3",3134792.78564453,"Condition 5","Intracellular HBV DNA"
39,"Replicate 1",4086730.34667969,"Condition 5","Intracellular HBV DNA"
39,"Replicate 2",3616502.99072266,"Condition 5","Intracellular HBV DNA"
39,"Replicate 3",3352565.00244141,"Condition 5","Intracellular HBV DNA"
42,"Replicate 1",5086753.84521484,"Condition 5","Intracellular HBV DNA"
42,"Replicate 2",6693974.609375,"Condition 5","Intracellular HBV DNA"
42,"Replicate 3",6097476.80664062,"Condition 5","Intracellular HBV DNA"
48,"Replicate 1",1707897.64404297,"Condition 5","Intracellular HBV DNA"
48,"Replicate 2",1884293.97583008,"Condition 5","Intracellular HBV DNA"
48,"Replicate 3",1929084.32006836,"Condition 5","Intracellular HBV DNA"
54,"Replicate 1",2084132.69042969,"Condition 5","Intracellular HBV DNA"
54,"Replicate 2",1811175.53710938,"Condition 5","Intracellular HBV DNA"
54,"Replicate 3",2093554.99267578,"Condition 5","Intracellular HBV DNA"
60,"Replicate 1",1622704.62036133,"Condition 5","Intracellular HBV DNA"
60,"Replicate 2",1640681.61010742,"Condition 5","Intracellular HBV DNA"
60,"Replicate 3",1759664.30664062,"Condition 5","Intracellular HBV DNA"
2,"Replicate 1",312500,"Condition 6","Intracellular HBV DNA"
2,"Replicate 2",425000,"Condition 6","Intracellular HBV DNA"
2,"Replicate 3",255000,"Condition 6","Intracellular HBV DNA"
4,"Replicate 1",29500000,"Condition 6","Intracellular HBV DNA"
4,"Replicate 2",2.8e+07,"Condition 6","Intracellular HBV DNA"
4,"Replicate 3",23075000,"Condition 6","Intracellular HBV DNA"
6,"Replicate 1",342500000,"Condition 6","Intracellular HBV DNA"
6,"Replicate 2",4.15e+08,"Condition 6","Intracellular HBV DNA"
6,"Replicate 3",5.8e+08,"Condition 6","Intracellular HBV DNA"
9,"Replicate 1",1622500000,"Condition 6","Intracellular HBV DNA"
9,"Replicate 2",2.65e+09,"Condition 6","Intracellular HBV DNA"
9,"Replicate 3",1.57e+09,"Condition 6","Intracellular HBV DNA"
12,"Replicate 1",2477500000,"Condition 6","Intracellular HBV DNA"
12,"Replicate 2",3.95e+09,"Condition 6","Intracellular HBV DNA"
12,"Replicate 3",5.425e+09,"Condition 6","Intracellular HBV DNA"
18,"Replicate 1",3.9e+09,"Condition 6","Intracellular HBV DNA"
18,"Replicate 2",4.15e+09,"Condition 6","Intracellular HBV DNA"
18,"Replicate 3",4.075e+09,"Condition 6","Intracellular HBV DNA"
24,"Replicate 1",2.6e+09,"Condition 6","Intracellular HBV DNA"
24,"Replicate 2",3.075e+09,"Condition 6","Intracellular HBV DNA"
24,"Replicate 3",3.475e+09,"Condition 6","Intracellular HBV DNA"
30,"Replicate 1",3353583437.5,"Condition 6","Intracellular HBV DNA"
30,"Replicate 2",3286212187.5,"Condition 6","Intracellular HBV DNA"
30,"Replicate 3",3652623750,"Condition 6","Intracellular HBV DNA"
32,"Replicate 1",2122497500,"Condition 6","Intracellular HBV DNA"
32,"Replicate 2",2020968437.5,"Condition 6","Intracellular HBV DNA"
32,"Replicate 3",2210734218.75,"Condition 6","Intracellular HBV DNA"
34,"Replicate 1",2323780625,"Condition 6","Intracellular HBV DNA"
34,"Replicate 2",2706677812.5,"Condition 6","Intracellular HBV DNA"
34,"Replicate 3",2675813437.5,"Condition 6","Intracellular HBV DNA"
36,"Replicate 1",1288800390.625,"Condition 6","Intracellular HBV DNA"
36,"Replicate 2",1416612031.25,"Condition 6","Intracellular HBV DNA"
36,"Replicate 3",1791568281.25,"Condition 6","Intracellular HBV DNA"
39,"Replicate 1",1329804687.5,"Condition 6","Intracellular HBV DNA"
39,"Replicate 2",1372773593.75,"Condition 6","Intracellular HBV DNA"
39,"Replicate 3",1280883203.125,"Condition 6","Intracellular HBV DNA"
42,"Replicate 1",1254049140.625,"Condition 6","Intracellular HBV DNA"
42,"Replicate 2",1269268359.375,"Condition 6","Intracellular HBV DNA"
42,"Replicate 3",1927888281.25,"Condition 6","Intracellular HBV DNA"
45,"Replicate 1",333142382.8125,"Condition 6","Intracellular HBV DNA"
45,"Replicate 2",618950000,"Condition 6","Intracellular HBV DNA"
45,"Replicate 3",963728593.75,"Condition 6","Intracellular HBV DNA"
47,"Replicate 1",644311562.5,"Condition 6","Intracellular HBV DNA"
47,"Replicate 2",588164140.625,"Condition 6","Intracellular HBV DNA"
47,"Replicate 3",667016875,"Condition 6","Intracellular HBV DNA"
49,"Replicate 1",601818164.0625,"Condition 6","Intracellular HBV DNA"
49,"Replicate 2",528257187.5,"Condition 6","Intracellular HBV DNA"
49,"Replicate 3",511951679.6875,"Condition 6","Intracellular HBV DNA"
51,"Replicate 1",651694921.875,"Condition 6","Intracellular HBV DNA"
51,"Replicate 2",826287656.25,"Condition 6","Intracellular HBV DNA"
51,"Replicate 3",1103200234.375,"Condition 6","Intracellular HBV DNA"
54,"Replicate 1",695984531.25,"Condition 6","Intracellular HBV DNA"
54,"Replicate 2",820123281.25,"Condition 6","Intracellular HBV DNA"
54,"Replicate 3",720985234.375,"Condition 6","Intracellular HBV DNA"
57,"Replicate 1",566044375,"Condition 6","Intracellular HBV DNA"
57,"Replicate 2",576584101.5625,"Condition 6","Intracellular HBV DNA"
57,"Replicate 3",613069375,"Condition 6","Intracellular HBV DNA"
60,"Replicate 1",514286953.125,"Condition 6","Intracellular HBV DNA"
60,"Replicate 2",651094375,"Condition 6","Intracellular HBV DNA"
60,"Replicate 3",407943320.3125,"Condition 6","Intracellular HBV DNA"
2,"Replicate 1",312500,"Condition 7","Intracellular HBV DNA"
2,"Replicate 2",425000,"Condition 7","Intracellular HBV DNA"
2,"Replicate 3",255000,"Condition 7","Intracellular HBV DNA"
4,"Replicate 1",29500000,"Condition 7","Intracellular HBV DNA"
4,"Replicate 2",2.8e+07,"Condition 7","Intracellular HBV DNA"
4,"Replicate 3",23075000,"Condition 7","Intracellular HBV DNA"
6,"Replicate 1",342500000,"Condition 7","Intracellular HBV DNA"
6,"Replicate 2",4.15e+08,"Condition 7","Intracellular HBV DNA"
6,"Replicate 3",5.8e+08,"Condition 7","Intracellular HBV DNA"
9,"Replicate 1",1622500000,"Condition 7","Intracellular HBV DNA"
9,"Replicate 2",2.65e+09,"Condition 7","Intracellular HBV DNA"
9,"Replicate 3",1.57e+09,"Condition 7","Intracellular HBV DNA"
12,"Replicate 1",2477500000,"Condition 7","Intracellular HBV DNA"
12,"Replicate 2",3.95e+09,"Condition 7","Intracellular HBV DNA"
12,"Replicate 3",5.425e+09,"Condition 7","Intracellular HBV DNA"
18,"Replicate 1",3.9e+09,"Condition 7","Intracellular HBV DNA"
18,"Replicate 2",4.15e+09,"Condition 7","Intracellular HBV DNA"
18,"Replicate 3",4.075e+09,"Condition 7","Intracellular HBV DNA"
24,"Replicate 1",2.6e+09,"Condition 7","Intracellular HBV DNA"
24,"Replicate 2",3.075e+09,"Condition 7","Intracellular HBV DNA"
24,"Replicate 3",3.475e+09,"Condition 7","Intracellular HBV DNA"
30,"Replicate 1",3928455937.5,"Condition 7","Intracellular HBV DNA"
30,"Replicate 2",4016028437.5,"Condition 7","Intracellular HBV DNA"
30,"Replicate 3",4032700312.5,"Condition 7","Intracellular HBV DNA"
32,"Replicate 1",2295633437.5,"Condition 7","Intracellular HBV DNA"
32,"Replicate 2",2493524375,"Condition 7","Intracellular HBV DNA"
32,"Replicate 3",2544040781.25,"Condition 7","Intracellular HBV DNA"
34,"Replicate 1",1921201562.5,"Condition 7","Intracellular HBV DNA"
34,"Replicate 2",1795809062.5,"Condition 7","Intracellular HBV DNA"
34,"Replicate 3",2148380468.75,"Condition 7","Intracellular HBV DNA"
36,"Replicate 1",1261478750,"Condition 7","Intracellular HBV DNA"
36,"Replicate 2",1532861406.25,"Condition 7","Intracellular HBV DNA"
36,"Replicate 3",1708214062.5,"Condition 7","Intracellular HBV DNA"
39,"Replicate 1",1945227656.25,"Condition 7","Intracellular HBV DNA"
39,"Replicate 2",1842850312.5,"Condition 7","Intracellular HBV DNA"
39,"Replicate 3",1974625000,"Condition 7","Intracellular HBV DNA"
42,"Replicate 1",1257136171.875,"Condition 7","Intracellular HBV DNA"
42,"Replicate 2",1277846406.25,"Condition 7","Intracellular HBV DNA"
42,"Replicate 3",1195202812.5,"Condition 7","Intracellular HBV DNA"
48,"Replicate 1",1086908828.125,"Condition 7","Intracellular HBV DNA"
48,"Replicate 2",928817109.375,"Condition 7","Intracellular HBV DNA"
48,"Replicate 3",831918906.25,"Condition 7","Intracellular HBV DNA"
54,"Replicate 1",516767109.375,"Condition 7","Intracellular HBV DNA"
54,"Replicate 2",672800000,"Condition 7","Intracellular HBV DNA"
54,"Replicate 3",685315546.875,"Condition 7","Intracellular HBV DNA"
60,"Replicate 1",669961953.125,"Condition 7","Intracellular HBV DNA"
60,"Replicate 2",720627031.25,"Condition 7","Intracellular HBV DNA"
60,"Replicate 3",708863437.5,"Condition 7","Intracellular HBV DNA"
2,"Replicate 1",312500,"Condition 8","Intracellular HBV DNA"
2,"Replicate 2",425000,"Condition 8","Intracellular HBV DNA"
2,"Replicate 3",255000,"Condition 8","Intracellular HBV DNA"
4,"Replicate 1",29500000,"Condition 8","Intracellular HBV DNA"
4,"Replicate 2",2.8e+07,"Condition 8","Intracellular HBV DNA"
4,"Replicate 3",23075000,"Condition 8","Intracellular HBV DNA"
6,"Replicate 1",342500000,"Condition 8","Intracellular HBV DNA"
6,"Replicate 2",4.15e+08,"Condition 8","Intracellular HBV DNA"
6,"Replicate 3",5.8e+08,"Condition 8","Intracellular HBV DNA"
9,"Replicate 1",1622500000,"Condition 8","Intracellular HBV DNA"
9,"Replicate 2",2.65e+09,"Condition 8","Intracellular HBV DNA"
9,"Replicate 3",1.57e+09,"Condition 8","Intracellular HBV DNA"
12,"Replicate 1",2477500000,"Condition 8","Intracellular HBV DNA"
12,"Replicate 2",3.95e+09,"Condition 8","Intracellular HBV DNA"
12,"Replicate 3",5.425e+09,"Condition 8","Intracellular HBV DNA"
18,"Replicate 1",3.9e+09,"Condition 8","Intracellular HBV DNA"
18,"Replicate 2",4.15e+09,"Condition 8","Intracellular HBV DNA"
18,"Replicate 3",4.075e+09,"Condition 8","Intracellular HBV DNA"
24,"Replicate 1",2.6e+09,"Condition 8","Intracellular HBV DNA"
24,"Replicate 2",3.075e+09,"Condition 8","Intracellular HBV DNA"
24,"Replicate 3",3.475e+09,"Condition 8","Intracellular HBV DNA"
30,"Replicate 1",3353583437.5,"Condition 8","Intracellular HBV DNA"
30,"Replicate 2",3286212187.5,"Condition 8","Intracellular HBV DNA"
30,"Replicate 3",3652623750,"Condition 8","Intracellular HBV DNA"
32,"Replicate 1",2397558750,"Condition 8","Intracellular HBV DNA"
32,"Replicate 2",2631224375,"Condition 8","Intracellular HBV DNA"
32,"Replicate 3",3187522500,"Condition 8","Intracellular HBV DNA"
34,"Replicate 1",2689362812.5,"Condition 8","Intracellular HBV DNA"
34,"Replicate 2",2913411562.5,"Condition 8","Intracellular HBV DNA"
34,"Replicate 3",2859151875,"Condition 8","Intracellular HBV DNA"
36,"Replicate 1",2254019218.75,"Condition 8","Intracellular HBV DNA"
36,"Replicate 2",1845744218.75,"Condition 8","Intracellular HBV DNA"
36,"Replicate 3",2131145781.25,"Condition 8","Intracellular HBV DNA"
39,"Replicate 1",1617027968.75,"Condition 8","Intracellular HBV DNA"
39,"Replicate 2",1694920625,"Condition 8","Intracellular HBV DNA"
39,"Replicate 3",2064515156.25,"Condition 8","Intracellular HBV DNA"
42,"Replicate 1",3083760000,"Condition 8","Intracellular HBV DNA"
42,"Replicate 2",1823802656.25,"Condition 8","Intracellular HBV DNA"
42,"Replicate 3",1730082187.5,"Condition 8","Intracellular HBV DNA"
45,"Replicate 1",1366765312.5,"Condition 8","Intracellular HBV DNA"
45,"Replicate 2",1373775468.75,"Condition 8","Intracellular HBV DNA"
45,"Replicate 3",1371800468.75,"Condition 8","Intracellular HBV DNA"
47,"Replicate 1",1023627812.5,"Condition 8","Intracellular HBV DNA"
47,"Replicate 2",970862656.25,"Condition 8","Intracellular HBV DNA"
47,"Replicate 3",938105546.875,"Condition 8","Intracellular HBV DNA"
49,"Replicate 1",707569765.625,"Condition 8","Intracellular HBV DNA"
49,"Replicate 2",771211640.625,"Condition 8","Intracellular HBV DNA"
49,"Replicate 3",1015036562.5,"Condition 8","Intracellular HBV DNA"
51,"Replicate 1",684582734.375,"Condition 8","Intracellular HBV DNA"
51,"Replicate 2",605910351.5625,"Condition 8","Intracellular HBV DNA"
51,"Replicate 3",629807968.75,"Condition 8","Intracellular HBV DNA"
54,"Replicate 1",1282727968.75,"Condition 8","Intracellular HBV DNA"
54,"Replicate 2",1340054062.5,"Condition 8","Intracellular HBV DNA"
54,"Replicate 3",764138281.25,"Condition 8","Intracellular HBV DNA"
57,"Replicate 1",638619375,"Condition 8","Intracellular HBV DNA"
57,"Replicate 2",784496093.75,"Condition 8","Intracellular HBV DNA"
57,"Replicate 3",779873906.25,"Condition 8","Intracellular HBV DNA"
60,"Replicate 1",774258828.125,"Condition 8","Intracellular HBV DNA"
60,"Replicate 2",642896718.75,"Condition 8","Intracellular HBV DNA"
60,"Replicate 3",796898437.5,"Condition 8","Intracellular HBV DNA"
